query,value,seed,type,geo
m3u playlist,100,m3u playlist,top,GB
m3u playlist,100,m3u playlist,top,US
what is m3u8,35,m3u playlist,top,GB
m3u8 vs m3u,20,m3u playlist,rising,US
free iptv m3u playlist,80,m3u playlist,top,GB
m3u playlist editor,15,m3u playlist,top,US
iptv epg url,60,iptv epg,top,GB
epg not showing tivimate,25,iptv epg,rising,GB
xmltv epg format,30,xmltv,top,US
iptv buffering fix,70,iptv buffering,top,GB
iptv buffering firestick,40,iptv buffering,rising,US
iptv keeps buffering,55,iptv buffering,top,US
iptv not working today,90,iptv not working,top,GB
iptv on firestick,100,iptv firestick,top,US
how to install iptv on firestick,85,iptv firestick,top,GB
iptv on samsung smart tv,60,iptv smart tv,top,GB
iptv smart tv app,45,iptv smart tv,top,US
iptv apple tv app,50,iptv apple tv,top,US
tivimate vs ott navigator,30,tivimate,rising,GB
tivimate premium,70,tivimate,top,GB
best iptv player android,65,iptv player,top,US
kodi iptv simple client,55,kodi iptv,top,GB
is iptv legal uk,95,is iptv legal,top,GB
is iptv illegal in the us,80,is iptv legal,top,US
iptv vs cable cost,40,iptv vs cable,top,US
cheap iptv subscription,75,iptv vs cable,top,GB
arabic tv channels uk,50,international tv channels,top,GB
indian channels in usa,45,international tv channels,rising,US
best iptv provider 2026,100,iptv player,rising,US
iptv reseller panel,30,iptv player,top,GB
